X,sigmoidOfX
-0.9732768250284611,0.2742278435103697
-0.4983464496362491,0.37792933788602195
0.8812543295652138,0.7070820815490211
0.9661518833693663,0.7243518224410251
-0.2762183009535628,0.43138115276211364
-0.4056890040703931,0.3999462661723682
0.47629383908007283,0.6168723377614945
0.9127490336134791,0.7135623705072661
0.8362468340631626,0.6976741675750583
0.9706896429868628,0.7252569369224563
0.21232424369029768,0.5528825409730265
0.598333871140794,0.6452750297594383
-0.8602461910791763,0.29728791184965325
0.7561130294200051,0.6805092361693362
0.18726876148354443,0.5466808468665201
-0.9140626560538485,0.2861692120794045
-0.12331184010430718,0.4692110443407035
0.33806893842544916,0.5837213688635593
-0.19355021932417849,0.4517629380434815
0.5690064721591326,0.6385338921933102
-0.3991954489235481,0.40150565726799314
0.9434142146477011,0.7197887966830809
0.2150439956448924,0.5535547759034318
0.0745419112172303,0.518626853599003
0.6099741774727268,0.6479349115905798
-0.08615951030986957,0.4784734375753189
0.46106533630701274,0.613266873075306
-0.6824117366822042,0.3357232406948031
-0.2348553193737395,0.44155456320659303
-0.5638248071770882,0.36266293585561676
0.6956589695937252,0.667224608142285
0.4662286437152465,0.614490739396347
-0.17778730446226754,0.45566987915856083
-0.8884747536075353,0.291424685002148
0.5064220903955499,0.6239673551242083
0.4692940382109525,0.6152166510986609
-0.8955625455117695,0.28996324854543243
0.784980792241246,0.6867525946190405
-0.3874065945015588,0.40434176585893655
-0.9247065337968172,0.2839998769774293
-0.04365386054034337,0.4890882676471181
0.41943721989760396,0.6033485736893632
-0.2639834279163431,0.4343847467346948
0.7742264526246532,0.6844344503596841
0.8927609895666371,0.709459615106284
0.12093721108948063,0.5301975064941016
-0.7690501940905745,0.3166846041602107
-0.24716346225846908,0.43852179041600076
0.6655189750948047,0.6604990577733497
-0.5509100828272229,0.36565328860430324
-0.46956431059158565,0.38471937063137146
-0.9909604790666842,0.2707224067998195
-0.8008667251530506,0.30984014849181896
0.687669082213435,0.6654482020475149
0.36074537364918413,0.5892208560177488
0.382279689288634,0.5944228183927746
-0.4875375216059863,0.38047383596432416
-0.9371230131218828,0.2814818466747532
0.5130654476887084,0.6255248115767897
0.9508782242850655,0.7212917617190162
-0.2922598517688,0.4274507081741579
-0.3654050069195003,0.40965179874661106
-0.3450754212354501,0.41457712579758826
-0.041343768287747995,0.48966552995144585
-0.7458446241533778,0.32172740976275305
0.2998100152626755,0.5743960728068104
0.8855896241308863,0.7079791880104331
-0.7782643377922098,0.31469408150701494
0.12723271898797717,0.5317653394250164
-0.8438208924918427,0.300730670625579
-0.670877635428591,0.3383003514053191
0.6011660570898929,0.6459230363788121
0.8655126911854238,0.7038111252964419
-0.6074649134130805,0.352637702095836
-0.09473882360428809,0.47633299327729817
0.6171739570121504,0.6495755366712908
-0.6136181082500098,0.3512343009530668
-0.6419159543632258,0.34481356380181444
0.5585617421091909,0.6361196898920729
0.05638515581228565,0.5140925554624466
-0.822525716977994,0.3052277834592449
0.6532683357961224,0.6577465962639943
-0.9920322122126142,0.2705108646128247
0.2513479256048132,0.5625082434647961
-0.9177664343328109,0.2854132172063218
-0.33383174215893185,0.41730859439271695
-0.17652918419066,0.4559819541833941
0.006757678764869102,0.5016894132621287
0.32709157932595034,0.581051545472927
0.894291823905798,0.7097750596821191
-0.842456239435128,0.30101772389854303
-0.7974001011560305,0.31058193695458214
-0.021824693781312687,0.4945440431168215
0.9909019100311609,0.7292660296556579
0.8164587715687108,0.6934841189836461
-0.2052435760166369,0.44886847275151454
-0.34026933831523376,0.4157440530515874
-0.5570634585435192,0.3642271906274205
-0.38053547979706304,0.4059977523447709
0.8966927400170672,0.7102693858083793
-0.4640486920977178,0.3860258021362145
-0.700898253813401,0.3316131034940777
-0.9060842113435514,0.2878017965851636
0.5011866395333529,0.6227381553471657
-0.6316385939540454,0.3471390845006004
0.7173031285982956,0.6720128713846845
0.17980684297852267,0.5448309917435753
0.8944570594363224,0.7098090961002516
-0.553886668981141,0.36496314307999694
0.5158989899492292,0.626188314056315
0.36661175625763875,0.5906400062872561
0.6962155444235956,0.667348176248445
-0.8810035606225022,0.2929698596619928
-0.3098160227922211,0.4231596462525436
0.09484554603762185,0.5236936274856328
0.9707236683075906,0.7252637167325036
0.7141217715947743,0.6713112801431034
-0.3366986971115462,0.4166116252253385
0.7437268561123156,0.6778102788914298
0.6563809722705285,0.6584469561243345
0.921398516383608,0.7153269773351101
0.6156868779949778,0.6492369618526362
-0.9515610880026,0.27857098296403526
-0.5120127414244824,0.37472181061190274
0.12444883799136242,0.531072117359641
-0.30530885940691177,0.42426020411858467
0.7767374462096397,0.6849765333003428
-0.9298800379354262,0.28294905284296384
-0.8438368033122687,0.30072732472216473
-0.9588000789089455,0.2771185033774342
-0.15593859472478488,0.4610941583298949
-0.49890827595317644,0.3777972622808071
0.7441699859381417,0.6779070435098782
-0.8085729303999301,0.3081946789209128
0.7245016032596026,0.673597529486859
-0.1974961887730633,0.4507858144742947
-0.9268321083433779,0.2835678527752951
-0.014134345505743884,0.49646647245063097
0.4343418394752523,0.6069099816001945
0.8807587483594503,0.7069794277178774
-0.567621230585805,0.36178589446027404
0.9502633695438483,0.7211681406810561
-0.042074117467468364,0.48948302204437727
0.1898757866337042,0.5473268431993044
0.838056344482417,0.698055701845343
0.40750615530503564,0.6004897511966983
0.3441523643111557,0.5851988279297828
0.20922801944659164,0.5521170189665868
-0.5225654903002721,0.37225253219980575
-0.40690804946259074,0.3996537440977114
0.5008378477245776,0.6226562083158336
0.1410055254489031,0.5351930899542297
-0.06664013838350935,0.48334612814079303
0.6806267629716056,0.6638785700466484
0.3281525407468677,0.5813097937663808
-0.8518430254105518,0.29904638385533755
0.09214839901866001,0.5230208122883026
-0.736268776193223,0.323820597923975
-0.9270700600087161,0.2835195136886318
-0.05330512482998251,0.4866768733777861
-0.4659377197473016,0.3855781804217217
0.9895120827758301,0.7289915387904009
-0.31266521152775595,0.42246432463149214
-0.8795871432618139,0.2932633402706987
-0.6492138789282857,0.3431667097725546
-0.9492828710757293,0.27902906526301013
0.6288453747849634,0.6522276083557323
0.541253028713994,0.632103855976877
0.8825119890329369,0.7073424963630311
-0.01878737861857549,0.4953032934925275
-0.3925083135116063,0.4031136213994072
0.00032811774302321517,0.5000820294350199
0.326663529667764,0.5809473414540245
0.277161686015736,0.5688502365353689
0.5010874706773198,0.622714856794172
0.41974862498544474,0.6034230964671108
-0.5443827152591643,0.3671686412638512
-0.6808712308787279,0.336066880637771
-0.0838004342922587,0.479062143023754
0.3064639542385048,0.5760219186552011
-0.2153244604583775,0.4463759133397791
-0.053343756389216734,0.48666722235026827
0.24230679781819142,0.5602820447798277
0.9650224074595846,0.7241262470738092
0.7157266044630846,0.671665293036468
-0.7162770046265203,0.32821333812068787
0.09726457427804558,0.5242969916559759
-0.22376343639642404,0.4442913916751947
0.9486572625738272,0.7208450625231555
0.5811012700699285,0.6413207691770847
0.06675226761320063,0.5166818730151074
-0.11771290112228994,0.47060570829366466
-0.6570461478900265,0.34140346526636284
-0.29255743610214413,0.4273778799689903
0.28426866671031914,0.5705924322774537
0.24510265338704618,0.5609707322228913
0.14435039119436555,0.5360250648825686
-0.8446458957841552,0.30055720777913525
-0.13028769526439032,0.4674740734900356
0.19298145256504196,0.5480961898201563
-0.3123236661601394,0.42254765988353
0.04249612649636947,0.510622433066167
0.195240359332425,0.5486556300924937
-0.8708957106927204,0.2950679574250295
-0.9691998314340045,0.2750400215045921
0.6600030092495472,0.65926106443723
0.8321808684501399,0.6968158654230908
0.39861760764751875,0.5983554802301748
0.4530747546914511,0.6113700352406888
0.44978205163052065,0.6105874135222061
0.4584703712987115,0.6126512430244595
-0.5498199182391492,0.3659061903432533
-0.762411092392983,0.318123021004626
0.4282267378479492,0.6054501504025173
-0.22856480387872868,0.44310626987407614
0.5963016397403262,0.6448097246031771
0.6895094073921744,0.6658577830989172
0.5443102134981166,0.6328145123670424
0.5899242828654458,0.6433477724792285
0.6874486646996103,0.6653991293920056
0.5998234132905274,0.6456159049305386
-0.6238925960202157,0.34889665972431927
0.4482186665801231,0.6102156225924734
-0.6057828582455018,0.3530217840841671
0.9261232530436381,0.716288116128423
-0.28693633838894095,0.4287540670415998
-0.08945034892022119,0.477652311783899
-0.9303224663709897,0.28285929765099926
-0.8144468522776214,0.3069437088168137
0.579853215671388,0.6410336305634139
-0.31114582277359415,0.4228350811939882
0.6994251547243537,0.6680603092505506
-0.7849516017280509,0.3132536849796347
0.45854086745928346,0.6126679723141337
0.6390390051084469,0.6545361941033873
0.7265158882231508,0.6740402430746227
0.5426519077873695,0.6324291031488782
-0.966447650782565,0.2755891267046269
0.13568932345654527,0.533870379501728
-0.5841926027361963,0.35796844747716944
-0.6328497870394143,0.3468646383690472
0.6415158148355256,0.6550960321959332
-0.8251543790618414,0.3046706250123377
-0.5813579410128065,0.3586201913481398
0.9091133546695609,0.7128186934335332
-0.15991075781702535,0.460107283888661
0.38216242009442825,0.5943945463144784
-0.36254670912143006,0.4103432195733021
0.1467116480795212,0.5366122644295322
0.45223091291771533,0.6111695223750203
0.8448676666052946,0.6994894113912346
0.31417965834005357,0.577905139094682
0.04005612201643438,0.5100126917654949
-0.7484092567554521,0.321168014563725
-0.1714349743876613,0.4572459168465167
0.1540759807920924,0.5384429741509509
0.431923931203094,0.6063329917351943
-0.5432248783149534,0.36743771278053305
-0.0510036503470499,0.48725185085031886
0.4802090447058833,0.6177972364172362
-0.8755987039432107,0.29409066509793824
-0.0699107424278258,0.4825294294486142
0.6852898285504685,0.6649183078589093
0.7068063793834904,0.6696951027624831
0.9930301989309132,0.7296860277234758
0.7591443201508044,0.6811679276103337
-0.23003659939459253,0.44274311551952983
0.27769641048027394,0.5689813780364584
-0.9515712914724697,0.2785689323855891
0.6642712869824914,0.6602192201236377
-0.9952431658313357,0.26987769903619657
-0.23579588043736144,0.4413226485399391
-0.4524492044342916,0.38877860379610746
-0.6490288212560431,0.3432084235966484
-0.02646429838193387,0.4933843115131397
-0.09340630942142658,0.4766653858789228
0.1545996433864394,0.5385731132755278
0.8227361842531888,0.6948168471977532
-0.8402445992706815,0.3014832710648919
0.4023712273826965,0.599257239417104
0.7336441054013008,0.6756044364702416
-0.9431826457399717,0.28025791149502366
-0.8210259516333773,0.3055459222455543
0.4381972193990322,0.6078293804795839
0.11639752764561395,0.5290665722280768
0.9762812465969843,0.7263697115210441
-0.7454812183063957,0.32180671691802953
-0.15047598074003243,0.46245182842740123
-0.9435519428470123,0.2801834253599881
-0.17732600331007964,0.4557843002540429
0.3914241166814041,0.5966254793362294
0.9365035064614773,0.7183928412568361
-0.46643211889759506,0.38546106011013337
0.9279463735099598,0.7166584635306665
0.41912619258579453,0.6032741365295109
-0.06889980793225514,0.48278185895104675
-0.6469267375871344,0.3436824237838032
0.9055579835096663,0.7120903294408542
-0.34795881126139117,0.41387749139247143
-0.3908645800629338,0.4035091879914603
-0.7099228124471153,0.3296158960430321
0.6972007668153466,0.6675668542150422
-0.31652315154160227,0.4215233153676767
-0.2185550995785439,0.4455776823802316
0.4846407407793294,0.6188431176784747
-0.09846021100297797,0.47540481369771287
-0.07370157737977956,0.48158294156993553
0.6821444601049127,0.6642171504978401
0.9850438912989836,0.7281078873728869
0.6635298948149151,0.660052884015188
-0.5823003936254403,0.35840344506982774
0.7058040028602275,0.6694733357913142
-0.4934449208015772,0.37908236879288815
-0.7314361931286866,0.32487964387855994
0.5244965765729122,0.6281986137350369
-0.9190611865063558,0.2851492226315299
-0.10353990344641417,0.47413812438940633
0.8705389849788951,0.7048578371830359
-0.3974504835349817,0.4019250424423566
-0.8933678436821555,0.2904153119779627
0.7347830309650663,0.6758539969676707
-0.13073599897551347,0.4673624734680068
-0.8489466151443221,0.29965387571422614
-0.05572604680496385,0.4860720924136324
0.743299052431263,0.6777168465184504
0.051947937647315756,0.5129840646561464
0.48081735139521564,0.6179408618148624
0.14252012784039936,0.5355698444815158
-0.5004870214466417,0.3774262237780626
0.028348248762977812,0.5070865876182444
0.2267737383291144,0.5564517163091558
-0.936983111266996,0.28151014266424873
-0.12148705282321948,0.4696655367447713
0.9584221554809957,0.7228057831742292
0.9493456869192334,0.7209835713407795
0.6973463872191801,0.6675991697029643
0.48532828663042427,0.619005280202408
0.7406265365993856,0.6771328473462722
-0.28876397249758723,0.42830649395778153
0.24926822519142133,0.5619963779771083
0.012109338272936698,0.5030272975757388
0.4498038791965169,0.6105926034592993
-0.9943545044501165,0.27005283999137647
-0.3111696794885328,0.42282925907898433
0.8453884896532791,0.6995988790900344
-0.18226500893609487,0.4545594747115355
-0.27479103313937525,0.4317312835907139
0.07147483551414924,0.5178611056779454
0.34818247687413284,0.5861767650181715
0.39631377689028424,0.5978016840978315
0.312751720375571,0.577556782366629
0.7110473744608679,0.6706325499594327
0.40395951261750707,0.5996386027387021
0.7769514727295772,0.6850227149023874
-0.08844079298201768,0.47790420223842994
0.5336239971011738,0.6303279543917141
-0.9645549938677214,0.27596713671717493
-0.14413613325978392,0.46402822194709265
0.644311163544131,0.6557273537581287
-0.7988409394932929,0.31027350773100565
-0.1506179002423369,0.46241654882724875
0.1624836952467945,0.5405317898740365
-0.0004448056221553198,0.4998887985962946
0.3100406554663355,0.5768951846391882
0.30488431465523735,0.5756360917685049
0.03862110917199524,0.5096540773290031
-0.09786655108054121,0.47555287171714145
0.8668804957363652,0.7040961797252676
-0.31194773401006226,0.42263939042465754
-0.7962317878590073,0.31083215247348817
0.4174959331466468,0.6028838936625668
0.2853359524987753,0.5708539154028143
0.30031806095544256,0.5745202676142599
0.3150339185350939,0.5781135055786046
-0.4035485048688947,0.40046007281429463
-0.5625117279205778,0.3629664937641394
-0.34092725847932237,0.4155842524924076
0.05268334498300464,0.5131677907481323
-0.871238023503925,0.2949967603772239
-0.8342269261970139,0.30275205137435623
-0.30013285948687995,0.42552500490375705
0.4378768896425276,0.6077530199337752
-0.947366356562487,0.2794147772541821
0.690707132899472,0.666124213520446
0.5465694410220252,0.6333393094713567
0.8130875105667816,0.6927670435529242
0.5677640576653018,0.638247083212993
0.7830178275511555,0.6863301601224666
0.7956242376046447,0.6890376858741873
0.45480628148532753,0.6117813608963912
-0.05890167935305102,0.48527883605910693
-0.42147045265137884,0.3961649373285563
-0.545013708774237,0.36702203853432425
-0.7631870433805801,0.3179547248828486
0.3997151336280511,0.5986192159817979
0.23700701945297076,0.5589759449676175
-0.10870219936323866,0.4728511778166509
-0.4321786422549456,0.3936062120915435
0.7189087613765099,0.6723666736370317
-0.8662992448813747,0.2960249352030511
-0.06850518133328776,0.48288039927633486
-0.6069426695710456,0.3527569313665668
0.6355197513060906,0.6537399932910214
-0.5128778727536518,0.37451912767101087
-0.7050528263442852,0.3306929047933892
0.020799023958017804,0.5051995685466708
-0.17406116560373563,0.4565942430326928
-0.9024083937283895,0.2885558232816237
0.9908359239125841,0.7292530013514886
-0.315285656407716,0.4218250971948371
0.022752503703806104,0.505687880554596
-0.48371450572908437,0.38137538326673426
-0.4001791022741683,0.40126930940227906
0.5163713201653055,0.6262988688731715
-0.8652435669285758,0.2962449796990977
0.7855735974617215,0.6868801068138134
0.2501217212916693,0.5622064604174959
0.7919018342543813,0.6882395453290322
0.7709641041695157,0.6837294119189468
0.7330146069692969,0.6754664584059236
0.956125002447421,0.7223452956609238
-0.4870788936386312,0.380581946690447
-0.49148991593183955,0.37954264440040664
0.12488232274130784,0.5311800685720816
-0.3230505455578676,0.4199324869547319
-0.8441476866022823,0.30066195300081877
0.4177881203041667,0.6029538455196134
0.8488500409923818,0.7003258567039733
0.9450455974033745,0.7201177169668794
0.9667706127289075,0.7244753446676142
-0.06437384459385953,0.4839120941471135
-0.6129817068929522,0.35137933067123034
-0.7109672400880851,0.32938515072608965
-0.6298592536543712,0.3475424522987165
-0.47724222042639797,0.3829035458364268
0.8805381659332903,0.7069337298829291
0.05857964983161179,0.5146407259677768
-0.44108375379709,0.3914827627375839
0.16306124598581584,0.5406752253817344
-0.2607786214833905,0.43517231543198975
-0.22369595339366288,0.444308053058455
0.4976951157833924,0.6219175221665384
-0.22350548655844338,0.4443550795153553
-0.4387475919839041,0.3920394334414442
0.7078107762678434,0.6699172410609064
0.013649565580635903,0.5034123384157438
-0.13606056396573307,0.46603723742174624
0.9242559822153094,0.7159084971703211
-0.3160726924160333,0.42163315983719263
0.547003492904556,0.6334400994374209
-0.5481799189718022,0.36628678470023956
0.978893024790596,0.7268885130515746
0.3184928029568659,0.578956892828717
-0.7517451595014004,0.320441158271247
-0.2897914974213236,0.42805491271796653
0.7462489205028175,0.6783608089756897
-0.7721497350301096,0.31601425897780555
0.5845776715712001,0.6421200469116176
-0.5923311269887293,0.35610016446524084
0.7441825150896457,0.6779097792325327
0.5189125165489759,0.6268934411701439
0.49636975415563533,0.6216058314598649
0.6361658798606646,0.6538862390119703
0.15716580029687033,0.5392107708883411
-0.9501319555670298,0.27885828542096947
-0.35403188735992264,0.41240504155741775
0.07530952843043526,0.5188184888206189
-0.07452456558805398,0.4813774767914563
0.8808579285249503,0.7069999734112248
-0.9142326023930887,0.2861344973156374
0.7507098532397982,0.6793333529656512
0.9609674089767388,0.7233154547042703
-0.5588037758056461,0.3638242880680451
-0.8629753118835581,0.2967180927933091
0.13675812263278098,0.5341363435132009
0.40891958314730936,0.600828786882848
0.8871962001490294,0.7083112280014243
0.43997450149096395,0.608252954945462
-0.641024782180112,0.3450149227336021
-0.06315682457051186,0.48421604007649227
-0.8007261920432274,0.3098702007869967
0.44247896056916347,0.6088495586446565
-0.0074737663004551536,0.4981315671219945
0.45759344057515294,0.6124431183130232
-0.054208254722154736,0.4864512539455538
0.5632443063368555,0.6372028773388583
0.2491967762108065,0.5619787902718484
0.47781719998115624,0.6172323060239563
0.02370457331317266,0.5059258658488675
0.21896275065874238,0.5545230207779475
0.8879875774119816,0.7084747046762028
0.9350869757734808,0.718106181996496
0.7564555125650061,0.6805836930233927
-0.43561188639620463,0.3927870641570121
0.683668480298266,0.6645569717653736
-0.988858727471037,0.2711375592722516
0.14107871612901213,0.5352112969267723
-0.6211944261996796,0.3495098465998169
-0.02103021549432471,0.4947426398893626
-0.33794250168743556,0.41630935441719136
-0.1551904814277283,0.46128005966377694
0.5105714026095216,0.6249404150233033
0.1317876564141196,0.5328993116480742
-0.6094243776455044,0.3521905163394871
0.2567449418788259,0.5638359587386869
-0.9643968305533694,0.27599874033430183
0.08483248129603993,0.5211954106958262
-0.7912985136176887,0.31188992138987837
0.8330880511697705,0.6970074858067253
-0.21194952116511212,0.447210093557656
0.25677777521995826,0.5638440332602075
0.6232114659641188,0.6509485935518573
-0.7083942136620345,0.3299537573108236
0.7684481994997319,0.6831851125665263
-0.3284511796061731,0.4186175226701375
0.7811090967840981,0.6859191004476025
-0.3281333543446163,0.41869487599474026
0.43039551671536724,0.605968110215358
-0.1763294330445604,0.4560315053699457
-0.344760348750603,0.4146535968711708
-0.6402777083155229,0.3451837657476716
0.8730722560965034,0.7053845682144165
0.5945627647494165,0.6444113696063949
-0.8167318586348107,0.3064578356330814
0.4866931883204417,0.619327123209698
-0.4601786938604686,0.38694343356617056
0.8936863868412124,0.7096503271846134
-0.08768081361443913,0.47809382921510174
-0.949441878262081,0.27899707861775336
-0.15067554368946334,0.46240221941879484
0.7046733263270568,0.6692230931331996
-0.3930266548653165,0.4029889079818295
-0.4853696545771984,0.3809849637224112
0.16115701699121598,0.5402022821414888
-0.8068372637460064,0.3085648648014882
0.4439876550486068,0.6092087978480666
0.9245866785054948,0.7159757505436377
-0.6065159155829092,0.35285437373615314
0.3492460322582014,0.5864347317715018
-0.0005239017911033983,0.4998690245552199
0.7712384268957255,0.6837887294362254
-0.8306256242487857,0.30351280147136867
0.26174402868610724,0.5650649642520803
-0.4082052673371026,0.39934254235029465
-0.5709308182353976,0.3610220711548736
0.04138077674277829,0.5103437182062235
-0.48392282071979564,0.38132623710052194
0.43024769704490473,0.6059328146475438
0.3251669306014773,0.5805829540351009
0.6647306845672272,0.6603222691059696
-0.7959048513241191,0.31090219168611494
0.5332849556696917,0.6302489492897256
-0.062162845434925895,0.4844642911013492
-0.7581785404453374,0.31904185535938256
-0.38215526267986877,0.40560717926539896
0.0993398356579065,0.5248145556005709
0.6995999924973821,0.6680990793896763
-0.7790170089626607,0.31453178179470237
0.5782715060263661,0.6406695829903052
-0.015368720650973833,0.4961578954616065
0.5074939682226385,0.6242188186262081
0.5796468521217302,0.6409861429651581
-0.7957697792768959,0.31093113053331484
-0.8747441734161934,0.2942680979949268
0.1857106373227948,0.5462946831276506
-0.3588461160548466,0.41123891737642304
0.5937183059013602,0.6442178421936897
-0.9003484156694144,0.2889789031106161
0.08324504877322125,0.520799252465874
-0.4727434741806751,0.38396710595684586
-0.19460109356916777,0.45150267788811443
-0.7968114958602275,0.3107079836394865
-0.6692107033210526,0.3386736000510721
-0.5759414534052927,0.35986699887447043
0.3334766458310163,0.5826050570927411
0.4997153430695498,0.6223924334349642
0.6588618149103009,0.6590046646322381
-0.607072594880157,0.3527272674552456
-0.6111781506526799,0.3517904926934365
-0.12083659769469701,0.4698275551824293
-0.33026734359494525,0.4181755757654564
-0.03899862237075502,0.49025157990095003
0.7530502398223822,0.6798429675994974
-0.7570925856350486,0.31927782989723363
-0.757743125059388,0.3191364586113863
-0.4346076414323057,0.3930266077612161
0.7480550293142902,0.6787547521892221
0.9428971593785738,0.7196844984637881
-0.4266749527192333,0.39492060103533855
-0.19829390875972353,0.45058832434796586
0.6909475303893315,0.6661776764469014
0.2761338588123661,0.5685981341823041
0.7034899689579246,0.6689610885150464
-0.8220174969174792,0.3053355691952941
-0.8891710217170057,0.2912809290699626
0.960785806781568,0.7232791091453549
0.21843796196668674,0.5543933799692125
-0.6958179787419219,0.3327400870523857
-0.8392028521491728,0.3017026991046158
-0.30739551054623027,0.4237505921680931
-0.7914105204267481,0.3118658836000343
-0.28936200759639474,0.4281600653413788
-0.08068192426370668,0.47984045358422034
0.030075091927868725,0.5075182062987217
0.9294763461977631,0.7169690354138261
-0.7230458398147048,0.3267226211893057
0.13557423362783894,0.5338417389642899
0.8510107179401103,0.7007791206382863
0.3055565176783608,0.5758002886184654
0.16888866858228258,0.5421220926639668
-0.769802841060929,0.31652175724455806
-0.6029921439650414,0.35365943711624376
0.9442598809184941,0.7199593298460434
-0.5557168840186271,0.3645390681323236
-0.4074053885865596,0.39953442316621196
0.30180173198613836,0.5748829059845736
-0.03082072448524742,0.49229542876100274
-0.5793160049741262,0.35908999609318537
-0.7028879073071561,0.33117225289241653
-0.030112411052211296,0.4924724660322156
0.16573754036804744,0.5413397983765882
0.36073015952014753,0.5892171735904528
0.17994378569085523,0.5448649519832104
0.7207267693843595,0.6727670365602942
-0.347730093104784,0.4139329756019481
0.3018363401353781,0.5748913639365105
-0.6064317327584849,0.35287359696771664
-0.21907528857398417,0.445449179462038
0.9142316418217058,0.7138653064765259
0.11019647453726944,0.5275212744296947
0.01050574281978811,0.5026264115484329
-0.5319197950930026,0.37006923772124595
0.1046657834896556,0.5261425843884588
-0.3831143889779165,0.40537596446129387
-0.6971621117959508,0.33244172421458595
0.7361110302696994,0.6761448609396481
0.9127963330086213,0.7135720379856696
-0.2587921517656626,0.4356606471927198
0.4128325318298822,0.601766871971778
0.7795663858142263,0.6855866526300625
0.2108326509088807,0.5525137850922582
-0.43008416447312214,0.3941062340483014
0.18169104251121881,0.5452982151241141
0.7746575490159135,0.6845275528500648
-0.32183536239173893,0.42022852120867293
0.877220706254443,0.7062459522656737
0.10225219725930201,0.5255407996805933
0.44965230879902096,0.6105565640715711
-0.5107105694030476,0.37502696625410814
0.980323781351931,0.7271724569141989
-0.6405584333222991,0.34512031568958307
0.5503150976498068,0.6342086929835989
0.5091142077949997,0.6245988011524586
-0.5474738776152193,0.3664506870345847
-0.12201983061101207,0.4695328346969142
0.6995579210664111,0.668089750291025
-0.41911698052513247,0.3967280682360837
-0.9784436350551662,0.27320070961467885
0.28858313248638834,0.5716492249756414
0.12675435141154057,0.5316462284137093
-0.6545711800239522,0.34196017294605136
-0.7680610819517368,0.31689868234116436
-0.8490506134023048,0.29963205094579093
-0.5100768909666971,0.3751755006670238
-0.1743681665048502,0.4565180722310719
-0.7100320105350033,0.3295917670716311
-0.812179726007737,0.30742620390288355
-0.35449105084749166,0.4122937782673808
0.15472584187704408,0.538604474976623
0.2371043909114332,0.5589999490206541
0.566104632588301,0.6378638544718316
0.6053610710067459,0.6468818748343453
-0.4647564830573159,0.3858580622228087
-0.46678851698772106,0.38537663968134755
0.7499876725897909,0.6791760130884893
0.93275571572571,0.7176340258801359
-0.5414523254658989,0.3678497990685329
0.447386833177549,0.6100177507946503
0.8079117163192815,0.6916643252730991
-0.6994344810629576,0.3319376225836428
0.47966656625823534,0.6176691361559614
-0.06645095219808272,0.4833933723647979
-0.9576146708937019,0.27735603158964156
-0.9737106967094395,0.27414149981948505
-0.37511431695049957,0.407305802751626
0.2520435640122203,0.5626794275617385
0.3719047052888056,0.5919191420807125
-0.5552871107652599,0.364638631045613
0.6261527004091267,0.6516165876762906
0.3022968894255562,0.5750039142847198
0.7277508932457857,0.674311527675928
0.006133679566786565,0.5015334150841846
0.5394774530257234,0.631690851621489
0.9319784016487913,0.7174764878645362
-0.6165176311517575,0.350573875582058
-0.2768470190781984,0.43122694023739216
0.3875732010822326,0.5956983606134888
-0.13027635107079605,0.46747689753804655
0.7576531243583142,0.6808439849638096
0.3704690242309441,0.591572306359103
-0.6864729778335359,0.3348181356283083
-0.17525246901814784,0.4562986769843951
-0.8933418127693429,0.29042067630828566
-0.7389573229818029,0.3232321905824682
-0.11867760411487716,0.4703653729061999
-0.5138424006910554,0.37429320997270654
-0.6317534430473848,0.3471130563009303
0.7675323770040889,0.6829868557549205
-0.6153716397204338,0.3508348302098084
-0.6340480719892447,0.3465932172778816
-0.721236203058355,0.32712082069868736
0.18838645855683467,0.5469578210795373
-0.6306602477889498,0.34736084370244086
0.19183014057597125,0.5478110093278316
-0.797467936348695,0.31056741221567463
-0.6244648278547766,0.3487666783310341
-0.3258469961012116,0.4192514547528423
0.2761916292623221,0.5686123048879932
0.9389743210365664,0.7188924284937704
0.9247370356022402,0.7160063253392078
-0.4866384013362508,0.38068579351098636
-0.6280374368489281,0.3479556761170169
-0.7461505759861673,0.3216606489372203
0.5924305636367988,0.6439226353196709
0.1788696053856782,0.5445985562728863
0.30831432205885023,0.5764737530323293
0.1598064260654135,0.539866799102145
-0.08951933413309687,0.47763509995975933
-0.5185413006928858,0.373193389585581
0.8509681035471075,0.7007701848458712
0.449126833083453,0.6104316106467419
-0.5827963280038102,0.3582894127633776
-0.06727542644424367,0.48318748400746436
0.7595008375204002,0.6812453504029954
-0.4163505233265812,0.3973903668100586
0.31749624888782124,0.5787139479238212
0.707444864855663,0.6698363227239829
-0.7279038599290022,0.32565487936656523
-0.5196456986894997,0.37293508491445826
0.6233498698276518,0.6509800402625366
-0.8449210218270162,0.30049937324846293
0.06584658476411387,0.5164557009390275
0.5920779577761368,0.6438417835330955
-0.15946263358286572,0.4602186037775801
-0.3477967811089544,0.4139167976873377
0.7742509417637993,0.6844397395963956
-0.9309630815944014,0.28272936698540885
0.38760133028691035,0.5957051352842073
0.4051021462499558,0.5999128859930801
-0.5981045785714021,0.3547774559493274
-0.14993568356390852,0.4625861436968617
-0.33720805305629,0.4164878333680275
0.2535094998093024,0.5630401190670691
0.8085274671876392,0.6917956277503904
-0.631299476561308,0.34721594385944904
0.8817901163470074,0.7071930397923922
0.19599652050481864,0.5488428733741779
0.5691146479412352,0.6385588596940587
-0.3046106997491851,0.42443074803966874
0.08417342601011435,0.521030940660403
0.4039077176441881,0.5996261681439886
-0.7567598930045352,0.3193501414933456
-0.2392858617122784,0.4404623463852715
-0.5720925608230527,0.3607541177018484
0.6302746550476082,0.6525517367823391
0.9632055609903714,0.7237631525790759
0.22387887773972182,0.555737110210974
0.22655899888671893,0.5563987151371136
0.9521769144733518,0.721552762305183
0.6577259540999789,0.6587493707312502
0.16734208992379251,0.541738167114175
-0.9040370402847417,0.2882215913874871
0.012099878388829532,0.5030249326913396
0.16912731580052043,0.5421813304480033
-0.9865440918824184,0.27159522438376704
-0.775027872800657,0.31539248134869885
0.044693236690589444,0.511171449667246
-0.5174432449556354,0.37345028261954755
0.8726296470581179,0.7052925780917312
-0.8519546285933204,0.2990229903837561
-0.979935629955305,0.27290455626946086
0.014690174395245004,0.5036724775552862
0.9370874642554972,0.7185109635176874
0.9727762638850095,0.725672520082187
-0.19021720436548217,0.4525885684530782
-0.5737069350986386,0.36038190965826994
0.9444030821417579,0.7199882008655419
0.0490108103147453,0.5122502505242686
0.10435280210536346,0.5260645523068975
0.1117948855361921,0.52791964890066
0.7796230048458244,0.6855988571640637
0.7877585545724766,0.6873498462752249
-0.09356442573439883,0.47662594304128847
0.8907541702444377,0.7090457823080926
0.5571593889129007,0.6357950232706129
0.535447649314867,0.6307527909372911
0.03341000507589098,0.5083517244140662
-0.18957017974614554,0.45274887510963935
-0.057836424858731306,0.48554492297609947
0.4552717639617052,0.6118919095240373
-0.9740966921580261,0.27406469807769
0.5110652312831299,0.625056156329626
-0.6279267786181366,0.34798078295806906
0.3735584268911303,0.5923185391718299
-0.14542479616190906,0.4637077386116863
0.17586340161978953,0.5438528853522805
0.6094355035758809,0.6478120220635725
-0.13644480244732415,0.46594162225755376
-0.9890495656997313,0.27109984709024254
-0.4695114330589476,0.3847318873683263
0.338260487836493,0.5837679128486808
-0.7844094636967933,0.3133703246708266
-0.4829892528325983,0.3815465055920082
-0.010551616465265923,0.4973621203580195
-0.49639589430652076,0.3783880200819413
0.17802358144751707,0.5443887251516573
-0.3236755890066674,0.41978024074944775
-0.05633781670209448,0.4859192699214351
0.04939967684049851,0.5123474083349808
-0.6405009640337431,0.34513330457032243
-0.2087371142373422,0.448004377050435
0.1218096426183799,0.5304148130764833
-0.9755308870972601,0.27377945282709143
0.6435993941985445,0.6555666547409215
-0.27166450483029236,0.43249850724935957
-0.9217619906817427,0.28459901262649806
-0.22562819300092296,0.44383103765752085
-0.5326965971565658,0.3698881694645239
0.09554137990408185,0.5238671924509377
0.9237713148054203,0.7158099134918147
-0.03742829277658033,0.49064401899531634
0.8715913097157351,0.7050767085316865
-0.5855516055862631,0.3576561722012219
-0.8110253477821965,0.30767204335079373
-0.0463826925330697,0.4884064052862346
-0.9204774013766128,0.2848606304649932
0.7558726148530244,0.6804569638276977
0.13244466584245784,0.5330628493405657
0.5193226889768754,0.6269893747085631
0.6035042210345816,0.6464576069601918
0.6758604247627049,0.6628141617636238
-0.10917287644881646,0.47273385696315506
-0.20576461947512126,0.4487395775570561
-0.5649310293511947,0.3624072841535756
-0.4920523628060198,0.3794102027482014
-0.6222446144959879,0.3492711211915441
-0.3939309852001265,0.4027713552890833
-0.6525774425332946,0.34240895181799924
-0.888620837840532,0.29139452006216476
-0.4574546200255796,0.38758983216730325
-0.5048617722062008,0.37639881635492944
0.5389300981355971,0.6315634962136057
0.21350801288237853,0.5531751544337739
-0.9394004765790414,0.28102145942666334
-0.9552550827666868,0.2778292114080977
0.5680770258424668,0.6383193406024112
-0.5283044888714632,0.37091242582655254
0.5841076200543762,0.6420120209690406
0.9198068782085416,0.7150027541707151
0.09987915520557533,0.5249490515916968
-0.9123670984622863,0.28651570001075205
0.26024992346780573,0.5646977275344058
-0.16010823211711123,0.4600582299665234
-0.7232036314054895,0.32668791194109587
-0.8219840985048661,0.3053426532370196
-0.5881874686363628,0.3570508411471959
-0.853755662635187,0.2986456155042169
-0.33738393180905346,0.4164450909357637
0.7041359538474987,0.66910412764091
0.25256385178068386,0.5628074512658504
0.04833850484705016,0.5120822736721954
-0.08062616565479352,0.47985437059138236
0.8862891478240598,0.7081237897532104
-0.0840758056111468,0.47899342131178796
-0.6837536571850948,0.33542404078372645
0.6382538216793405,0.6543586280167473
-0.5744317651940023,0.3602148483143472
0.5728398719996346,0.6394182022255774
0.9729183961280012,0.7257008137122195
0.12977448956619497,0.5323981658943067
0.5817164785690991,0.6414622723215537
0.8292388553214227,0.6961939657349645
0.021631581720527926,0.5054076845657287
-0.3810172880453844,0.4058815630085533
0.26718590153038035,0.5664019178872953
0.3227364574149756,0.5799910026444246
0.43147637118934457,0.6062261570783408
-0.07344310371737173,0.4816474726211917
0.375576494272593,0.5928057656706398
0.060642989072887454,0.5151561027478095
0.505815468353833,0.6238250114236994
0.324357201558785,0.580385766985294
-0.003797207599835817,0.49905069924068785
0.16382589716954055,0.5408651171668589
0.7256908538335145,0.6738589487523783
-0.6332787002216536,0.3467674746592705
0.6655454788928092,0.660505000961123
0.659796078553271,0.6592145788394572
0.6135934145899526,0.6487600721123978
0.7245493855976173,0.6736080350107946
0.18773474282139646,0.5467963242663669
0.20390932433072972,0.5508014301677315
0.15580657324735103,0.5388730359685167
0.6408551744669049,0.6549467483713834
-0.6155792762850365,0.35078754249846045
-0.9468698142767651,0.2795147630996599
-0.9327825428365784,0.28236053802843564
-0.6176424337650543,0.35031783277030526
-0.21147474096818764,0.4473274684413057
-0.20643112322070944,0.44857470858539705
-0.47808337474360063,0.3827048103978844
0.6419332553764661,0.655190344783641
0.8703117842647228,0.704810569676497
0.7277391743092849,0.6743089540106733
0.919402685472837,0.7149203831175495
0.41611914952860496,0.6025542244990535
-0.623553022585817,0.34897380382532295
0.6601593871796436,0.6592961916614735
-0.3126592239367678,0.42246578553383196
0.1985072225991451,0.5494644827464329
-0.8129678900513051,0.30725841716835695
0.46115224093665597,0.6132874840969093
0.714413523306106,0.67137565265381
0.6691638524156422,0.6613159064946421
0.1829766616309656,0.5456169632992028
-0.10479845680739941,0.4738243380704322
0.15752730178471896,0.5393005891832193
-0.5112114511353396,0.37490957607243386
-0.5503949554831369,0.36577278115379097
-0.6150585520691374,0.350906139174456
0.683701870393391,0.6645644150779723
0.40719461228349974,0.600415009122632
0.8181120324934574,0.6938354301090925
-0.9760827532536969,0.2736697421441372
0.6452839522456928,0.6559469265458907
0.40407084000908333,0.5996653290483336
-0.0262820135816908,0.49342987478990114
0.8832569180132073,0.7074966796111866
0.04419007209128045,0.5110457206089284
-0.6780065275604359,0.3367063701162035
0.19972378733468799,0.5497656291595823
-0.4768574441413229,0.38299446811250987
0.19434202042988225,0.5484331623587955
0.6634068935784201,0.6600252840762814
0.20867551319943978,0.5519803891824666
-0.35237767679139376,0.4128059596475591
-0.9517722060057712,0.27852855673334026
0.09187917300370674,0.5229536480471254
-0.11304496763897998,0.47176881593486053
0.62630464116388,0.6516510793186149
0.8394871737644893,0.698357197878556
0.5950911722228118,0.6445324424835207
0.6337410893288249,0.6533372582031447
-0.6374484461804859,0.34582354914715463
-0.7322155070620604,0.32470873805684103
0.47650524587751675,0.6169223005904596
-0.7233115906985621,0.3266641653440735
-0.21527843060446683,0.44638728847052306
0.9181270042846685,0.7146603162510048
-0.16101788347303736,0.4598322765604434
0.49262212098784497,0.6207239422108759
0.9536144087835079,0.7218414835720314
-0.03478873435627361,0.4913036934563662
-0.747191825678388,0.3214334955835802
0.7579857048891685,0.6809162488539633
-0.4380456047775638,0.3922067609167909
-0.9174829751376747,0.28547103293775067
-0.2265514055012734,0.44360315905689557
0.4260895568745635,0.604939505155836
0.24917883945135078,0.5619743749788138
0.40555727142566655,0.6000221189923289
-0.9536519816418154,0.2781509723735404
0.7203362440135155,0.6726810559941592
0.9955148841485897,0.7301758380057031
-0.19275785984461047,0.45195919173089016
-0.4317874384921099,0.3936995886325265
0.9441186572737734,0.7199308557478663
0.8985894186996934,0.7106595415010938
0.7142882827875214,0.6713480201968482
-0.20552686836319145,0.44879839132936766
-0.8494993312986157,0.2995378947574851
-0.13413461465376697,0.46651653442937635
-0.5212732073347603,0.37255456345755034
-0.513293242692958,0.3744218304451388
-0.5119603953318683,0.3747340756632055
0.0633912411386357,0.5158425054476564
-0.5633976111362617,0.3627616831128471
0.5749656257141922,0.63990817605688
0.12427193888957766,0.5310280631340816
0.23423479517201407,0.5582924198278839
-0.6086726327382432,0.35236204776323643
-0.5720938850306112,0.36075381232562587
0.08905986550853484,0.5222502615291337
0.48418893183412504,0.6187365409293676
0.8903745734593957,0.7089674653303855
-0.10145752176325784,0.4746573548122497
-0.11306000420779472,0.4717650687783892
0.6227440223171787,0.6508423760742399
-0.3717348469544026,0.40812188798847676
0.9774082123164594,0.7265936464170502
-0.7222970933922037,0.326887348010249
-0.5736491495424807,0.3603952297287231
-0.4933813087775658,0.37909734183797494
0.8824633231056349,0.7073324219720915
-0.3890713028081243,0.40394088562189656
0.043033720890449656,0.5107567702342647
-0.024308503878575083,0.49392317326218776
0.2168465543044833,0.5540002025044196
0.7719972406217919,0.683952778545892
0.8371930114947959,0.6978737026425232
-0.7040489158071404,0.3309151431950745
0.5940869857225837,0.6443023395625889
-0.1247540785077923,0.4688518679353394
0.8307150624214361,0.696506104780398
-0.7501142833131336,0.3207963995727381
0.2150376035442696,0.5535531962110087
-0.7672100802413857,0.3170829307050439
0.4146750504277652,0.6022083366815616
-0.026893711561036815,0.4932769773192053
-0.5329712228643251,0.3698241644879116
-0.7797752408603478,0.31436832882373894
0.6984781299522467,0.6678502676646108
0.5699774046549979,0.6387579613745556
0.6345624782945316,0.6535232692502124
-0.5567162824760346,0.3643075885007808
0.3492670955108368,0.586439840212582
-0.8793803703854768,0.29330619783934103
-0.6788588486743705,0.3365160433188482
0.4605550621259118,0.6131458440412105
-0.8209755510290444,0.30555661673422335
0.7953308284125464,0.6889748151393218
0.46679307059610364,0.6146244388925343
0.4872000762743047,0.619446620409277
0.07728855386405908,0.5193125257755211
0.14415699159145712,0.5359769656419024
0.6188464378202789,0.6499561434236948
-0.6254019842075484,0.3485538536099099
0.36240819013355474,0.5896232637260154
-0.7445135558713165,0.32201794289580016
0.6679514266278836,0.6610442976988423
-0.7299982540318461,0.3251951105584967
-0.3523259900993976,0.41281848841340296
-0.37294531188059077,0.4078295225536678
-0.6254012971558363,0.34855400961468064
0.8093338231487077,0.6919675278881688
0.1938198848448054,0.5483038500059519
-0.4483783562864472,0.3897463954775865
-0.9880508955290939,0.2712972341351169
0.5848559942096847,0.6421840034503735
-0.6896433654826677,0.3341124130675697
-0.9314179515574195,0.28263713144350483
-0.9253135820640599,0.2838764535742126
-0.8258386537555502,0.30452568323615303
-0.5395227828042819,0.3682986021276255
-0.4945831941467427,0.3788144801352818
0.44826318685913313,0.6102262118009116
-0.9977350652262704,0.26938696755290215
-0.9164208946946308,0.28568772261430864
-0.0291554131116476,0.49271166299512725
0.6592829320850395,0.6590992907004318
0.5050849493914615,0.623653566961943
-0.5499748459091296,0.3658702449502302
0.48160602728599544,0.6181270429412573
-0.09277414120122818,0.47682308603675755
-0.03729051068257716,0.49067845250248027
0.4579583034706569,0.6125297173555504
-0.7865957003585586,0.3129001055626439
0.9849744592901348,0.7280941419231578
0.6419032853488813,0.6551835740446907
0.9071004725720124,0.7124064635035996
-0.8611032831683185,0.2971088897337127
0.07192941710472334,0.5179746051318869
-0.046865813217864316,0.48828569073046496
-0.4574083391459507,0.38760081763704374
-0.10485048312515755,0.4738113671552861
0.6420531038689197,0.6552174199668824
0.7915787616735552,0.6881702207631263
0.8875428772060345,0.7083828485384106
0.04968770982538917,0.5124193724116939
0.7572528925501778,0.6807570101176784
-0.37190396610133436,0.4080810364706774
0.8080550959831405,0.691694902266157
0.23827112277383322,0.5592875507693583
-0.9532572510561208,0.27823023450826057
-0.5522236587758484,0.3653486572040031
0.02047794340176079,0.5051193069548785
-0.7034567817598671,0.33104626090254485
-0.8670040746116467,0.2958780739143349
-0.799975255296238,0.3100308120293419
0.35356203720920054,0.5874810963231245
-0.9117225056728329,0.28664748867050033
0.3422215831689577,0.5847300709111196
-0.6638233307687817,0.3398812770159852
-0.7184619344442669,0.32773176532708953
-0.9937234888466759,0.27017724655006214
-0.21759720356994672,0.4458143316154974
0.1694657604835117,0.5422653382359937
0.3259873240491513,0.5807827118627488
0.8032801566103902,0.6906757008416582
-0.8116471621636498,0.30753960653877055
0.43262231491118963,0.6064996788583965
-0.5184710427017309,0.37320982448715706
0.8452333949769077,0.6995662833392713
-0.15126114723456996,0.4622566495468809
-0.7574111808632775,0.31920859055770384
-0.2763767228179872,0.4313422936551826
0.02662390089387401,0.5066555820872612
0.29378865362161766,0.5729234040268089
0.4736922748261778,0.6162572951796997
-0.4133282417300155,0.39811434036579646
-0.960386354332486,0.27680084697022
-0.010561595162351889,0.4973596257532496
0.7768949075949891,0.6850105099081711
-0.5759401877734112,0.35986729042895277
0.8308695769596552,0.6965387658985045
-0.15924140884476357,0.4602735603442261
-0.10993233592347673,0.4725445606379411
0.37224018562756545,0.5920001751492684
-0.9404389541394338,0.28081168442102
0.7694416817305703,0.6834001059095813
0.9336102178758843,0.7178071460859572
-0.678202672065451,0.33666256554898577
0.0922941651665139,0.5230571764532692
0.150801822096581,0.5376291715276197
-0.24355707101706114,0.4394099535732984
0.4514979298529105,0.6109953211122292
-0.8236397778659945,0.3049915827692743
0.4479337016816536,0.6101478408458456
-0.2369630495935282,0.4410348945910521
-0.3981866288226752,0.40174809966192676
0.42694053207658267,0.6051428595903339
0.3139769092222089,0.5778556815613136
0.09606672842068176,0.5239982286730243
0.21405782059056477,0.553311047749752
-0.6590771262857551,0.3409469527867582
0.7090309624967852,0.6701870025981046
-0.20083542234513807,0.4499592304323451
-0.2817243693670457,0.43003107473363344
-0.46981393363763524,0.38466028396678603
-0.2731251537327801,0.4321400358072315
0.9556200213680981,0.7222440039872136
0.48450204072302405,0.6188104010812946
-0.3870881084172384,0.4044184754101865
0.06472895712067728,0.516176591566518
0.8970464566370702,0.7103421706003651
0.9877252150202203,0.7286383756465888
0.2762584082568227,0.5686286851895346
0.5247113998530186,0.6282487875772705
0.5174075966294178,0.626541376163188
-0.8705596289989082,0.2951378681922088
0.8351228174185719,0.6974370317863051
-0.5816343134854947,0.35855662491629314
0.7320601711443704,0.675257200047194
-0.7774320272063238,0.31487360671486975
0.03436756159453047,0.5085910448207224
-0.3185666663835536,0.42102510189833087
-0.9104497924726389,0.28690780461425314
0.9249108366008503,0.716041664927731
0.376961370801155,0.5931400139731567
0.31050279998203933,0.5770079841574104
-0.21809264624518132,0.4456919288978313
-0.4970535078076628,0.3782333548389316
-0.098568579449819,0.4753777872126505
-0.4448645810184728,0.39058244937622133
0.28531254278261065,0.5708481804875284
0.6460380999326716,0.6561171029932611
-0.3689136982516017,0.40880353642306144
0.8419699039670032,0.6988799382733537
0.7070317801278723,0.6697449603050617
-0.7395192164192079,0.3231092868384252
-0.924332160387425,0.28407600969965313
0.5320640862338091,0.62996439850982
-0.6330436157846644,0.346820727855389
-0.4606436831460461,0.3868331354392512
0.344742922566708,0.5853421735090372
0.11242752285309399,0.5280773122947295
0.4920603763700482,0.6205916841085419
-0.056736109920853206,0.4858197761444331
0.9629489728589409,0.7237118499554753
-0.8974498594670064,0.2895748338213873
0.39927468572475155,0.5985133830967505
0.7929782220633741,0.6884704546107285
-0.3090917609580839,0.4233364451821403
-0.7165934421719811,0.3281435708073677
-0.5675209648780686,0.3618090458182745
-0.8706183358194941,0.2951256554707375
-0.8364156319198708,0.30229022993796484
-0.22014344217155735,0.4451853350645424
-0.9357484663685005,0.2817599319864962
0.613549753013783,0.648750122865164
-0.09209065150605467,0.47699359400525176
-0.6167768599533154,0.3505148587719317
0.3781113865655179,0.5934175117019028
-0.9182614063227335,0.28531227714863877
0.9644531124729809,0.7240125059704533
0.6878514641563471,0.6654888039474371
0.4891251911743226,0.6199003280973155
-0.06466041267974831,0.4838405266258342
0.2665786519210589,0.566252776969711
-0.8956696624088947,0.28994119532605894
-0.8848598978313602,0.2921717018968711
-0.02154175894535615,0.49461476851226316
0.11074171456161719,0.5276571694172184
0.3464599307321903,0.5857588589272583
0.2800027994219496,0.5695469102546823
-0.9085298157301351,0.28730077660791503
0.26648831412216034,0.5662305889186888
0.6210005426485812,0.6504460721626483
0.8737786051281986,0.7055313383791527
0.6679004531407806,0.6610328762442483
0.9114826725746281,0.7133034675789941
-0.2650544837841835,0.43412161256798376
0.7094410930214143,0.6702776500379359
0.050850919152192864,0.5127099910979028
0.13280454917291995,0.5331524256991813
0.22368091979041105,0.5556882351657423
-0.4004895333886611,0.40119472991471583
0.1221552829257313,0.5305009025091235
0.7691225722827788,0.6833310579445819
-0.8369369402759586,0.30218029168470567
0.4351705731507385,0.6071076752782184
0.09902486308769554,0.524736005792923
0.9297114922668779,0.7170167498630887
0.02862027672278611,0.5071545808155343
-0.9278344123499631,0.2833642717543309
-0.4867647247754938,0.380656011425402
0.7428006982193989,0.677607987985964
-0.11357591165216685,0.47163650508015076
-0.21658487387900816,0.4460644554494047
-0.7585104990709022,0.3189697403030456
-0.6961119931808202,0.3326748119653669
-0.7830384106971882,0.31366540873279686
-0.332798488579076,0.41755986398192946
0.2681295928556684,0.5666336652417914
0.09367313892172824,0.5234011757915327
0.9074689277116494,0.7124819479716487
-0.8987343235680205,0.28931066369883185
0.020875371193686876,0.505218653283916
-0.18372456526349512,0.45419762344522774
-0.4071164843063986,0.39960373524069553
-0.8476934167477144,0.29991693973637884
0.8931294212421372,0.7095355528394524
0.9803332254390349,0.7271743305478809
-0.8764657447703605,0.2939106983964117
0.03524320125250435,0.5088098884474412
-0.26833347518770556,0.4333162701023215
0.9865141931249766,0.7283988606670285
-0.10401327273428884,0.4740201001212302
0.2943812473802452,0.5730683948879611
0.6976962366220181,0.6676768004126529
-0.08592314798589107,0.4785324189275198
0.10663673855053624,0.5266339506574267
0.6672177958508605,0.6608798974977776
0.39882807436279055,0.5984060598487663
0.5271689428355151,0.6288225711344724
-0.8878420978150523,0.2915553433433374
-0.5333990573048755,0.3697244614068089
-0.1813041778668556,0.45479770889827
0.883828208116807,0.7076148912986497
0.4167708739969975,0.6027102907529162
0.3271782128435896,0.5810726345780794
0.7361916492856235,0.6761625140757566
-0.2938202967727659,0.4270688534759431
0.6350504989404675,0.6536337637799918
0.41673777068848383,0.602702364119007
-0.14730213537249948,0.4632409084491168
-0.29800449402206963,0.4260453735251219
-0.9823691630172764,0.2724219429514698
0.739537053614205,0.676894614316397
0.14866945798369802,0.5370990574950644
0.7238988933264214,0.6734650014694773
0.9202735620639271,0.7150978425779159
0.7448819066840286,0.6780624710601781
0.6710249389797223,0.6617326221840006
0.6692225682430784,0.6613290573754271
0.1474757705680485,0.5368022654528709
0.34056579064606596,0.5843279536977717
-0.2225826128040227,0.44458295209300985
0.7162148287327459,0.6717729526109316
0.21253494885741198,0.5529346274339287
0.6741827660391444,0.6624391168629821
-0.360070285230369,0.4109425519755128
0.8931873852009093,0.7095474987678697
0.08834115212742688,0.5220709361402909
-0.5304353702752602,0.3704153505535493
0.4117839371575218,0.601515556275037
0.15393241342489405,0.5384072942850838
-0.8962336142611917,0.2898251053255356
-0.14023481025850226,0.46499863946226105
-0.35363343299217487,0.4125016012270081
0.7506057581967145,0.6793106765251665
-0.13614303435692432,0.46601671500850145
0.10216365025960994,0.5255187206428328
0.713400723840337,0.6711521595446543
0.48611884181578424,0.6191917054046273
0.6748146413660467,0.662580398231444
0.058334728211740794,0.5145795478428996
0.30395666192098103,0.5754094696332812
0.620423477727164,0.6503148558434441
-0.856972495801799,0.2979722658966283
0.2532243505286498,0.5629699636856632
-0.942165241013609,0.2804631815501768
-0.4729048063426766,0.3839289457477208
-0.9111656983360104,0.28676135855216156
0.23494715841813751,0.5584680827227847
-0.8127233736762758,0.3073104650982828
-0.33980401790337544,0.4158570842443532
0.38125203943178265,0.5941750440935307
0.784781509646209,0.6867097226605996
-0.6928267576083909,0.3334045422358973
0.10228071610769085,0.5255479107837402
0.5382277801104227,0.6314000580025002
0.6653194827293958,0.6604543221626549
-0.4679608108222386,0.3850990057606241
0.10539378237908936,0.526324083108843
-0.5411293384264844,0.36792490849273285
-0.41643096283452286,0.3973711040184854
0.7095853738257407,0.67030953610897
-0.6454370264460347,0.34401852840815916
0.9452082446933039,0.7201504970602329
0.765292247828439,0.6825016336740515
0.8024354760105212,0.690495211873699
0.26229196440890057,0.5651996237203568
0.7647228155421328,0.6823782287749205
-0.7318930564219153,0.3247794467635482
-0.3924732245466249,0.4031220642902803
-0.4532906570601274,0.3885786682993243
-0.8547186150350965,0.2984439580656438
-0.37937368720349474,0.40627796497368956
-0.3827402891848253,0.4054661430203824
0.1137838293995228,0.5284153067836524
0.8465693850002207,0.6998469978838446
0.41691308441209185,0.6027443426241574
0.19273377843371553,0.5480348434874378
-0.23672790369776542,0.4410928642935773
-0.5671412122082025,0.36189673654862353
0.8398211494878174,0.6984275466805172
-0.13844543861299252,0.46544381798589857
-0.8860137170596658,0.2919331407764544
0.8064848160268219,0.6913599344920535
0.07350142589788144,0.5183670882645458
-0.41882759834283867,0.39679732956348696
-0.3285806060455816,0.4185860235973471
-0.8267957248428397,0.30432302327980393
-0.1585924417999527,0.4604347820629465
-0.8632234568294825,0.296666313395081
0.636633785465045,0.6539921273260142
0.27670304707085114,0.5687377473604519
-0.21329890822175712,0.4468765310421716
-0.15850554411532158,0.4604563705281168
0.8333064418652616,0.697053605327504
0.6367407803700424,0.6540163384215952
0.9697148043661357,0.7250626486009968
-0.6641279829377262,0.3398129279823466
-0.5165025121372129,0.3736704263388375
0.6627619314310991,0.659880544855608
0.20382080223977628,0.5507795280030242
0.6752436034867311,0.6626762935800175
-0.5416185610772339,0.36781114409975374
-0.9168961736133665,0.28559074220767255
-0.19327398466797607,0.45183135487202825
-0.027479080630752994,0.4931306620898868
-0.013532856414309347,0.4966168375284563
0.1419943432113009,0.5354390611113211
-0.8790409425717134,0.2933765585821074
0.687908146280148,0.6655014220325325
-0.8949507208705112,0.2900892299797515
0.29822613394320596,0.5740088233542932
0.7352403122259414,0.6759541679729208
-0.11498526963429767,0.4712853134927575
-0.785559768282794,0.31312286751594964
-0.2205109882980434,0.4450945547094343
0.03267774833839909,0.5081687101944877
-0.5451287920893524,0.36699530314889084
-0.9585838635220618,0.2771618185608772
-0.31822402132498717,0.4211086283333487
-0.18379373643105734,0.4541804758189375
-0.8433577786948401,0.30082806861573363
-0.1316720067492243,0.4671294757025317
-0.2572932529387184,0.4360292026031503
0.04896773863516457,0.5122394890624052
-0.4488710258845685,0.38962922326639243
0.19935173878082235,0.5496735367391538
-0.03379190685023836,0.4915528270860893
0.656653237494732,0.6585081844509618
-0.583491218728929,0.3581296605393421
0.9840286068280961,0.7279068482212323
-0.9875515730532718,0.27139595898636154
-0.7812398152172475,0.3140527390303824
0.12008375837261265,0.529984916103363
-0.1053226335839228,0.47369365482008235
-0.21100431801053876,0.44744377192100876
-0.9672454750144939,0.2754298777869271
0.1959325760806916,0.5488270397661983
-0.01918258566736375,0.49520450063288557
-0.20641583179431766,0.44857849100586555
-0.02121457805813254,0.49469655438896104
0.08641448643229266,0.5215901879515948
0.5656892342718371,0.6377678946427906
0.7312126783632238,0.6750713300697112
-0.9061615168593786,0.28778595138490115
0.2725609692662978,0.5677215108342762
-0.16574162681712856,0.45865918699496827
-0.7108699670150462,0.3294066377875381
-0.24471967215840684,0.43912359157965664
0.4084610707409633,0.6007188151398807
0.8434385965884079,0.6991889295819801
0.9269978490259287,0.7164658174174936
-0.23274651321142792,0.44207462524636915
-0.9063726956780818,0.28774266901646806
-0.9618971131092675,0.2764985220496397
0.30252349147536894,0.5750592890862022
-0.8267348243346166,0.3043359167117605
0.6670077599403272,0.6608328231507957
0.825162101729227,0.6953310110047508
0.1724805002431964,0.5430135418669311
0.3008059606621374,0.5746395287634779
-0.042489473715734194,0.48937922937843575
-0.1330841251226551,0.46677798823607075
0.07505360055643817,0.5187545971779061
-0.80160902973177,0.30968143706207324
0.4120213777592743,0.601572468131093
-0.3510827856377705,0.41311987303572156
-0.24003201038359068,0.4402784622920505
0.016193651211661386,0.5040483243358305
0.03563507007777633,0.5089078248998382
-0.9652620509567003,0.2758258825331316
0.048574142921466334,0.5121411486241463
-0.634799621979069,0.34642303611675257
-0.9019898927688594,0.2886417455147913
0.8624189527406705,0.7031657950177818
0.14938642982031292,0.5372773089082109
-0.060935234596093846,0.48477090332619466
0.2551229301196343,0.563437024325592
0.6771221290334393,0.6630960840543153
0.8150990548706012,0.6931950162916146
0.8406409178258853,0.6986001835319465
-0.01501187874455101,0.4962471007919511
0.5332276916934378,0.6302356046673966
0.0931473159492604,0.5232700063859768
0.3635457285717778,0.5898984831638553
0.784067263175964,0.686556039558635
0.3677322390055382,0.5909108939842853
-0.17964806877626716,0.45520838297995414
-0.34481996233806966,0.4146391277738038
0.7002925968985905,0.6682526414745087
-0.37440468906642765,0.40747712370988615
0.987423189027131,0.7285786535865407
-0.5859432498627659,0.3575662015533594
0.6451395665457145,0.6559143407671654
0.9561669587330976,0.7223537104428848
-0.022686711189505493,0.4943285654516092
0.14170871658937512,0.5353680124633455
-0.14309554363937127,0.46428703252608367
0.234028500905606,0.5582415466388905
-0.5571415810992091,0.3642091003115623
-0.5143131111588899,0.37418297713999593
-0.3302057989206708,0.4181905499532846
0.687863009693289,0.6654913741344037
0.28567989191817356,0.570938171532288
0.5684046817004795,0.6383949823475595
0.9499397458139964,0.7211030602578788
0.7368794503591929,0.6763131014024847
-0.7447236303787459,0.32197208064275207
-0.7093031409631707,0.3297528388448332
-0.621520451288287,0.34943572754837954
0.471502325077096,0.615739274895056
-0.29569639470144593,0.42660987080422885
0.9358460952818404,0.7182598248799837
0.6417997618647542,0.6551601858444496
-0.22824238230811078,0.4431858330802678
-0.02673007321968157,0.4933178795531562
-0.751727899808508,0.3204449167298414
0.611043487581558,0.6481787989427795
-0.3133990317346682,0.4222852913406434
-0.8676996063563955,0.2957331914126745
-0.3419177974274705,0.41534369648842884
0.34075468945579446,0.5843738343712847
-0.8942147039361397,0.2902408268586375
0.7909018739950799,0.6880249476061648
0.14397483556365276,0.5359316621103911
0.17410338360954736,0.5434162319083182
-0.2617855268643994,0.434924836911331
-0.024766700506009487,0.4938086413464376
0.661570190803999,0.6596130217796846
-0.8614494524020966,0.2970366024912433
0.05884188615747066,0.5147062285867988
-0.5812975068663029,0.35863409203068464
0.5959801134696916,0.6447360819670467
-0.04388932701133519,0.4890294292168464
-0.7186852203309442,0.32768257205678153
0.6716728377919221,0.6618776343116779
0.9655259033352139,0.7242268177973765
0.30286059125989695,0.5751416627618731
-0.5762051193915545,0.35980626229936963
0.22538027442420794,0.5561077640176985
0.6019690862626104,0.6461066728156973
0.28339540367441285,0.5703784550655466
0.808681115081026,0.6918283867340634
0.5932573269444275,0.6441121782343197
-0.32109230038826775,0.42040956896608617
-0.6193071322697292,0.3499390497709201
-0.8745553703196538,0.29430730908474473
-0.605013490785254,0.3531975254790585
0.10559412634520005,0.5263740300069659
0.8981324819703171,0.7105655759588417
0.17684688862629794,0.5440968552423084
0.6540169048729108,0.6579150912443266
0.8334439648716154,0.6970826452567787
-0.33384954517486487,0.41730426537978976
0.11409215945575313,0.5284921396691137
0.4863657053063346,0.6192499124579526
-0.8295213298168245,0.3037462919811562
0.01944570605426499,0.5048612733295363
0.39969360902693585,0.5986140441634249
-0.2934513013515063,0.4271591420910308
-0.6000078080790507,0.35434190741080107
-0.703409582747762,0.331056713425849
0.803315290263892,0.6906832068426779
0.502381252159332,0.6230187708983556
0.20180470727768052,0.5502806519811343
-0.8492124371092773,0.29959809290752665
0.8335438650871112,0.6971037396141972
0.03593406644572217,0.5089825500670787
-0.37499712389410544,0.40733409437518364
-0.2701802497349537,0.43286284452266244
0.07279948515946,0.5181918376273584
0.14995654726094299,0.537419043018415
-0.10050186387363236,0.4748956612670796
0.6136511697709419,0.6487732326978817
0.5105440306887628,0.6249339992997933
0.7181760054470396,0.6722052346483482
0.9781993169197625,0.7267507753796818
-0.18199672828121227,0.4546259917287673
0.4785003591075774,0.6173936939355857
-0.3648501963755546,0.4097859792990038
0.8111690514110488,0.6923585661069782
0.5755447654875137,0.6400416139301428
-0.8894555115695153,0.29122220351078987
0.23357810927956568,0.5581304735840603
0.42075856820649693,0.6036647543173942
-0.3819095808118942,0.4056664120791641
0.6399237238466269,0.6547362180741007
-0.8514697241880835,0.29912464024774355
0.31544460813557085,0.57821366885119
0.20433124132711988,0.5509058183006417
-0.5499577791429633,0.36587420460620956
-0.6143925033467272,0.35105786083269597
0.4712068343927547,0.615669358102362
0.17568099255136205,0.5438076335097425
-0.6852272081069775,0.3350956442422014
-0.18497576055945175,0.4538874672657271
0.6118223730016821,0.6483563978381247
0.2889515423749607,0.5717394337923684
-0.5362019410136094,0.36907154906234
-0.30332741921514716,0.42474427008909693
-0.5626089894556676,0.36294400507490704
0.8809384235163884,0.7070166477522377
0.17924633349584096,0.5446919874055629
0.7116018185899511,0.6707550065036141
-0.8727853488069182,0.29467505956241663
0.612404831258895,0.648489181239312
0.6715851598117069,0.6618580120842384
-0.06101947783002504,0.4847498620828636
0.3381915156241808,0.5837511536811552
0.7431331213501349,0.6776806033268724
-0.13569116699701023,0.46612916172809876
-0.12230084734746471,0.4694628419657933
-0.9051264273266855,0.2879981553093549
-0.3255972994558618,0.4193122520357795
-0.3603018729376093,0.4108864929802993
0.1747802497821236,0.5435841676380438
-0.13594624133493904,0.4660656863222344
-0.7923030024713686,0.3116743841628707
-0.9490255322263024,0.27908083753811125
0.3742867041396214,0.592494389755395
0.6965760208625185,0.6674281952389356
0.5170793781977701,0.6264645740359324
0.8576469641015503,0.7021688033885228
-0.346165330242004,0.4143126263373897
0.7633065808681492,0.6820711973949338
0.44693282989732785,0.6099097397942673
-0.04435254108515574,0.48891368203805535
0.4137449555172841,0.6019855080646347
0.6007279276079871,0.6458228269276117
0.41635450858963385,0.6026105875455284
0.7107246130468163,0.6705612530292938
-0.938898843071996,0.2811228248060849
0.4509882840495141,0.6108741816279266
0.5552841513945659,0.6353606833351008
0.936243626139208,0.718340263296978
-0.3305173838714621,0.41811474102004775
0.5526904488628139,0.6347595701496079
-0.48347421193083484,0.3814320769658672
-0.6387689809976527,0.34552486590855475
-0.12614384105100473,0.468505790692546
-0.23639869894906562,0.4411740246967751
0.052529209768041873,0.5131292835919279
-0.27862978986167053,0.4307897332929202
-0.4603323259439782,0.3869069898709602
-0.010296713646700484,0.497425844331446
-0.7753924122697424,0.3153137752607162
0.42168731659979897,0.6038869393237607
0.07581137020618356,0.5189437703587808
-0.8925428156352915,0.2905853584146363
-0.2738289892454886,0.4319673263299351
-0.7122539186323444,0.3291009979831644
0.39824996809242985,0.5982671236191874
0.7019664230225999,0.6686236091825366
0.9889662056586264,0.7288836802578686
0.9197332684867121,0.7149877541994382
-0.20361822286568443,0.44927059499277205
0.9678733302386222,0.7246954045192049
0.26709558863611793,0.5663797377396724
-0.3812477231388265,0.40582599669919284
-0.7528740219872487,0.3201953885744367
-0.11045104435784858,0.4724152763764462
-0.13920138410693816,0.4652557392314505
0.02774749529339471,0.5069364287857682
-0.38478539304159787,0.4049732388995229
-0.3823124648748957,0.4055692799513808
0.889425906305684,0.7087716855747043
-0.27649608623124067,0.43131301570672614
0.37520840787566656,0.5927169113321603
0.5175952378866682,0.626585280787993
-0.631583378155202,0.34715159835820253
-0.5536841957336409,0.3650100705846764
0.042614268527672694,0.5106519552062252
-0.903679400354906,0.28829496674204574
0.15281806944179932,0.538130340256011
0.33847685412244255,0.5838204852112048
0.7425945836483501,0.6775629594961378
-0.963086596484924,0.27626063263376194
0.2256372468923462,0.5561711972496026
0.29794508833370914,0.573940099895718
-0.4231457347109193,0.3957642490308121
-0.6493142952529036,0.3431440759561667
-0.08588362522759674,0.47854228141111865
0.050469929921791,0.512614804877003
-0.9220332418009582,0.2845437884706146
-0.3596912632065645,0.41103430446696126
-0.3990559104570577,0.4015391886638306
0.9317365206851822,0.7174274550521426
0.775666497776152,0.6847453943373826
0.48580677605717315,0.6191181196414547
0.6836234044203093,0.6645469233309135
-0.31157293799997965,0.4227308490497433
-0.5092434521673024,0.37537089474346297
-0.5013415435658242,0.37722545291246506
0.118723074901806,0.5296459548423154
0.7306676924248354,0.6749517759842446
0.9790312300553352,0.7269159489218692
-0.04723753421953081,0.48819281189498437
0.30501178074002677,0.5756672287791467
-0.4791507784844051,0.3824526765671676
-0.22877451688185224,0.44305452106021
-0.8233504620396246,0.30505291300156956
-0.5534296511149348,0.36506907038274383
0.9932513030923211,0.7297296370505014
0.22953243624300246,0.5571324929281016
-0.7915153426028629,0.3118433886224675
0.26259185583878053,0.56527332030055
0.6613460792086809,0.6595627016190401
0.8187961852476091,0.6939807439151583
-0.28553016079069526,0.42909850815851175
0.9677514137918108,0.7246710800617779
0.13313723468249572,0.5332352305134321
-0.019963042899873606,0.495009405012872
0.1365842223368401,0.5340930708267112
-0.6989124299560154,0.33205340020170254
0.8194603027931009,0.6941217653627904
0.03964211287310526,0.5099092305583292
-0.4142685541199449,0.39788904495839694
0.675764325174282,0.662792683981742
-0.5173638289230091,0.37346886498010984
-0.03666947000036247,0.4908336596035489
-0.5780726515298129,0.3593761969951038
-0.3127723023066855,0.42243819596004567
-0.9207921534597836,0.2847965150702444
-0.2330957680600958,0.44198848514967515
-0.45816241459151485,0.3874218406233703
-0.28077134517093905,0.4302646806689233
0.1355117482442918,0.5338261891477427
0.32075468146361796,0.579508162786118
-0.00044829221503128736,0.4998879269481191
-0.1430425703540421,0.4643002083093611
0.7447374476182804,0.67803093573695
-0.3355604565063559,0.41688829671349603
-0.28299432138427094,0.4297198316685698
0.7844085565745649,0.6866294801442271
-0.5554725480540237,0.36459567051374836
0.5565898395841289,0.6356631283948257
-0.08292468995746449,0.4792806991800413
0.9596369573301884,0.7230491120460345
0.18226932288138142,0.5454415948669639
-0.6707844829100831,0.33832120421096284
0.5118350759378092,0.6252365604831205
-0.9669654138150074,0.27548577262831075
-0.14369265752341898,0.4641385187951252
-0.033542006297459404,0.49161528452421716
-0.13735881757082025,0.4657141858055325
-0.10147574225198897,0.4746528113942677
-0.2256059716595018,0.44383652289244935
-0.3023213354797234,0.42499011173610074
-0.31568936293411354,0.42172664084975287
0.19648305831708068,0.5489633442646173
-0.43506431229135,0.392917671194754
0.2289395944477839,0.5569862126367873
-0.7322485685517788,0.3247014886076966
0.6335342337080563,0.6532904064665087
0.6119472610298973,0.6483848705794594
0.1359364377962795,0.5339318740814329
0.027459529582972708,0.5068644510700829
0.9959869549947526,0.7302688348645068
0.6554596910287933,0.6582397347485885
0.5061466818188796,0.6239027332270295
0.474477431747085,0.6164429554618065
-0.7000082146493152,0.3318104065408474
-0.0708719046483619,0.48228943630866955
0.7649933319818416,0.6824368571233107
0.09474317376970554,0.5236680918272985
0.7776259023105498,0.6851682161147673
-0.5673672661874403,0.3618445361007619
0.23702461313924061,0.5589802821909919
0.29865681512574715,0.5741141313190958
-0.438961174713689,0.3919885283430624
-0.6846652578437713,0.33522086204395174
0.24606667650499725,0.5612081403411693
0.8855614073688145,0.7079733543113923
-0.29121334790418785,0.4277068453954968
-0.35984621411435036,0.4109967936773503
-0.214481946803597,0.4465841284641496
0.04360350174991634,0.5108991486443779
0.3364462176842864,0.5833270092724518
-0.22543173079960255,0.44387953391397494
-0.9745871826820436,0.27396712421407493
-0.014493699837340168,0.49637663846960134
-0.3253153410688343,0.4193809075003821
-0.41058675110176046,0.3987714375928985
-0.4320342522337577,0.39364067568343136
-0.9488549353827755,0.27911516201644293
-0.17320425384592664,0.4568068643946237
-0.8488236599230554,0.29967967990846434
0.8986576382309055,0.7106735687739855
-0.29343144408414945,0.4271640010563958
-0.41399452509383905,0.39795469684758095
-0.13620951327519482,0.4660001720904
0.3635992352518136,0.5899114273446668
0.21317576837607088,0.5530930313106562
0.27276356321629014,0.5677712295024784
-0.882014968455485,0.29276040201594034
-0.24048280636746178,0.4401673741256404
-0.45413585323614436,0.3883778810440751
0.9110275146825824,0.7132103780116791
0.872675255224282,0.7053020578864043
-0.4383876937764346,0.3921252165376977
-0.7700672555898247,0.31646455770858345
0.8250439563233747,0.6953059818196068
-0.7919774336516234,0.31174423385109984
0.5880630334218808,0.6429205923077452
0.7861852303606367,0.6870116392260379
-0.3880828839122792,0.404178892433915
-0.18205936067752115,0.45461046262144383
0.43367123126260254,0.6067499829622779
0.20098706980400416,0.5500783014103277
-0.978684527974879,0.2731528800283997
-0.41783810837345103,0.397034187372912
-0.3364627906255504,0.41666896257019737
-0.10679103160823389,0.47332758568674305
0.9218465318049218,0.7154181998368642
0.5346616970086819,0.6305697209272856
-0.8647210173600144,0.296353934464922
-0.584356491739382,0.3579307822298258
-0.8418813940880296,0.30113868867267785
0.2436963389733009,0.5606243518521519
-0.3687014493359242,0.4088548344140161
-0.04588876578336576,0.4885298212884743
-0.37973138010034635,0.40619168655273635
0.0649881682297615,0.5162413262410731
-0.9005186535412157,0.2889439255752504
0.10347827533630216,0.5258465097777164
0.08143712557148208,0.5203480369447547
-0.8860715816038462,0.29192117984572846
0.42876403058045565,0.6055784917586595
-0.5906112252926587,0.35649462313381536
0.5479009900889502,0.6336484676965711
0.6740314664520712,0.6624052833962683
-0.857488233194295,0.297864392718133
-0.25737096968965667,0.436010091547816
0.002739915364464718,0.5006849784125974
-0.18135933848637675,0.4547840314842733
-0.5113532012143038,0.37487635719231416
0.3216898270173949,0.5797360206488785
-0.25244255552643846,0.43722239453850426
0.5733555376985648,0.6395370868821167
-0.5838232243857151,0.35805334506244335
0.8733311619501554,0.705438370437337
-0.6095268646023209,0.3521671340530029
-0.0017531399075758625,0.49956171513536174
0.8644204206680295,0.7035833787870089
0.18550401464932031,0.5462434698028172
0.7336746605023645,0.6756111329844269
-0.3362635909662639,0.4167173800338209
0.3454099153642476,0.5855040545880354
-0.383467164933291,0.40529093196473875
0.771104811030884,0.6837598380769458
0.9859774033746977,0.7282926524059914
0.6612352492033431,0.659537815437916
-0.2748527668488836,0.4317161379443881
-0.4654924465455421,0.3856836744213813
0.39380119622275767,0.5971974240209704
-0.7151531625186027,0.32846118115123224
0.5461719707402264,0.6332470037818477
0.9039927293440504,0.7117693181419066
0.47050644836924405,0.6155036189212436
-0.6029747172355437,0.35366342060559974
-0.3457123080684079,0.4144225599098546
-0.9940494245372009,0.2701129828754462
-0.06489098619599809,0.4837829436709126
-0.9413827418886376,0.28062111980286325
0.24565001878199189,0.561105534276834
-0.11564630745500559,0.47112060221768803
0.7343390443307263,0.6757567228374431
0.3469085559822256,0.5858677115988518
-0.7312177103502089,0.32492756616476826
0.25499062800147976,0.5634044809405692
0.18470174257289274,0.5460446100422509
0.5488396699863465,0.6338663437031106
-0.23219579381530897,0.44221046156943233
-0.8522439154401158,0.2989623570021277
-0.9518602147519097,0.27851087168533445
0.5051624840730216,0.6236717649367055
0.42522313660340183,0.6047324225524237
0.8738766490874545,0.7055517072746745
0.9041788718386892,0.7118075044684259
-0.5098006406921376,0.3752402611698537
-0.18665024270724717,0.4534724394333287
-0.834342574973741,0.3027276392554966
-0.17107764410633375,0.4573345976025344
-0.2906493848259164,0.4278448943494038
0.8815085533892297,0.7071347328555817
-0.806343876529451,0.3086701401828232
0.38439022921850197,0.5949315349331312
0.18570404995809064,0.5462930504040014
0.11835346967406646,0.5295538773671259
0.19047697838608713,0.5474757903276194
-0.47050491026761687,0.38449674508428183
0.8523617862490069,0.7010623462322918
-0.4934464866525057,0.3790820002246474
-0.853117658493268,0.2987792667274868
0.5190963981738073,0.6269364497208106
-0.4285731587915129,0.39446709949411296
-0.4902631964949582,0.37983156724899736
0.5933756243400932,0.644139295282752
0.6115316516895328,0.6482901133175115
-0.8553513609423979,0.2983114936869231
-0.48350831186921694,0.3814240314027516
0.4163867172842739,0.6026183005705191
-0.42490210816185847,0.3953443158148482
0.09780081887225589,0.5244307344900973
-0.6212826207773898,0.34948979558937654
-0.8370053275541991,0.30216587123477073
0.09370607255903352,0.5234093911595721
-0.20523226716417953,0.44887127040000857
-0.056621804889373406,0.48584832946424056
0.05517196807638958,0.5137894943234622
0.545151955880715,0.6330100780091249
0.4147080038972315,0.6022162307724677
0.4797553346974732,0.6176900989567117
0.16946306304257708,0.542264668694281
0.47570430611835035,0.6167329974397623
0.7085696418554135,0.6700850259471459
-0.14884862200337756,0.46285639838683035
0.639435193356745,0.654625774135701
0.9969701768778705,0.7304624623835153
-0.2401696691621391,0.44024453885870163
0.5407846716560871,0.6319949334749951
0.43331183392823047,0.6066642258729597
0.7569264724453184,0.6806860660618541
0.8102658561630962,0.692166153745
-0.03774669468781289,0.49056444662633764
-0.5349828402410517,0.3693554713970587
0.6340347598990357,0.6534037679753613
-0.6738715969515889,0.33763046827283494
0.65803432512035,0.6588186887224882
-0.7102673007226172,0.3295397791931644
-0.04943252207842108,0.48764438536640276
0.7815396308273113,0.6860118447314906
0.08683376919549612,0.521694812250882
-0.05285075452012644,0.48679038598713964
-0.3075385537776403,0.42371566339063704
-0.49980963341890305,0.3775854066941844
-0.7430400379274336,0.32233972918448
-0.42910293890006335,0.39434056180792343
-0.7673516112907031,0.3170522841746
0.8856606226237753,0.7079938663527685
0.5837388862692718,0.6419272694926819
-0.7614468011521265,0.3183322324735979
0.8675077247763505,0.7042268428713003
-0.9777272779463693,0.2733429740810938
-0.33754689407143257,0.41640548861795224
0.6018556550305434,0.6460807360124982
0.9325513260823581,0.7175926074544725
-0.41315415867474803,0.39815605476755817
0.2997098412167567,0.5743715835537138
-0.3909755729716211,0.4034824734473247
0.7458252138996677,0.6782683545386957
0.6262049863401093,0.651628457137413
0.819901901865556,0.6942155162001155
0.30853138709752526,0.5765267489647339
-0.6716746500223179,0.3381219601191952
0.5161239045668777,0.6262409597905343
-0.20979735252207998,0.4477421983588394
-0.7416599599947935,0.32264126291441314
-0.7547170395376772,0.3197943513986196
0.933449046443789,0.717774498047063
-0.9111801237224788,0.28675840814730325
-0.06542170275476611,0.4836504052497401
-0.39814373136813774,0.40175840996118645
0.5199580244289048,0.6271379509683946
-0.05435108468227301,0.4864155727437183
-0.48439872012969176,0.3812139709018548
-0.2694970302095534,0.4330305775492236
-0.3548547529344619,0.4122056532928463
-0.23669592440571074,0.44110074816167916
-0.9742037764805809,0.27404339382029297
0.6207566144797472,0.650390609160537
0.7054165970699935,0.6693876054798632
0.2843265608431329,0.5706066172493411
-0.5253596952584647,0.371599814166128
0.9644186161726866,0.7240056129217541
0.23798026691069762,0.5592158579301358
0.742815888530487,0.6776113063825355
-0.4965473201341257,0.37835240378927787
-0.4233495818428328,0.3957155031015611
0.6922003587956465,0.6664562286379926
0.6918032205701299,0.6663679420237878
-0.6809896738204841,0.33604045345911837
0.782030228719347,0.6861175096732788
-0.577767363698449,0.3594464848865677
0.822912343107538,0.6948541997659612
-0.22605343611792694,0.4437260710087919
0.7564402632695921,0.680580377977104
-0.4002584792695012,0.4012502390499572
-0.5162843584724863,0.37372148461244725
-0.7279107504206104,0.3256533661903873
0.44741323274003797,0.610024031129222
0.8066412934858518,0.6913933228676579
-0.26216100124541497,0.43483256062206216
-0.9412498304160262,0.28064795181053015
0.025802529810558195,0.5064502745897083
0.006639760612635159,0.5016599340547839
-0.09316997673515792,0.4767243406911914
-0.19585568965073996,0.45119199860936754
0.06769607685143209,0.5169175589485638
-0.6959553042356104,0.33270959818063545
0.5576435038488077,0.6359071174142763
0.13700352462752097,0.5341974075355607
0.9865820494448017,0.7284122847434652
-0.8057347348169759,0.308800141837348
-0.5852420198946124,0.35772729900532657
-0.09069028989520245,0.47734295440231533
0.9698166306228806,0.7250829468746641
-0.5487882940532975,0.36614557969526085
-0.4903339808242031,0.3798148934662461
-0.6239125429597292,0.34889212843599876
-0.6791923846778167,0.336441577797246
0.23152288579798697,0.5576235522420963
-0.255216416254088,0.4365399804893265
0.2316823618600543,0.5576628913599383
0.36452297386532706,0.5901348758609369
-0.7889114334962439,0.3124024535322092
-0.7449898474203442,0.32191396660391847
-0.8935078635236975,0.29038645833972154
0.07229032975102423,0.5180647161019322
0.1846312591078949,0.5460271385517321
0.47289534481456363,0.6160688163381327
-0.7492451260391162,0.3209858063243684
0.9603109197901685,0.7231840521275676
0.08924541723576573,0.5222965574078112
-0.6471035199610395,0.3436425490022846
-0.8036276252203693,0.30925006991826537
0.9262575743116666,0.7163154120297014
-0.00047899062608669496,0.4998802523457678
0.17159812144707853,0.5427945714174273
0.21057715243343544,0.5524506142137036
0.24125937346756676,0.5600239786826968
-0.7862815036756639,0.31296765981857677
0.7420270577948433,0.6774389588385753
0.5314910673863014,0.6298308125683441
0.26655754312054536,0.566247592417944
-0.9419094398214114,0.2805148060467334
-0.3791747167847672,0.40632596075292066
-0.9110672563033153,0.2867814932530512
-0.7597499621427275,0.3187005545974485
0.7837671674180293,0.6864914562834092
0.8700502307276472,0.704756149860178
0.4587514131531487,0.6127179348700217
0.9641715002058611,0.7239562311089052
-0.716665007483434,0.3281277933287137
